{
  "ranAt": "2026-07-18T15:02:17.289Z",
  "labelled": 9303,
  "control_accumulation_auc": 0.48802897807800655,
  "overall": {
    "n": 9303,
    "base": 0.54434053531119,
    "auc": 0.5636126279074881,
    "top20": {
      "n": 1860,
      "rate": 0.6274193548387097
    },
    "top10": {
      "n": 930,
      "rate": 0.6387096774193548
    }
  },
  "periods": {
    "train  (jan->18 avr)": {
      "n": 5315,
      "base": 0.5507055503292568,
      "auc": 0.565231635915599,
      "top20": {
        "n": 1063,
        "rate": 0.6340545625587959
      },
      "top10": {
        "n": 531,
        "rate": 0.6497175141242938
      }
    },
    "valid  (avr->5 juin)": {
      "n": 1784,
      "base": 0.5571748878923767,
      "auc": 0.5630727402389017,
      "top20": {
        "n": 356,
        "rate": 0.6151685393258427
      },
      "top10": {
        "n": 178,
        "rate": 0.6348314606741573
      }
    },
    "test   (5 juin->16 juil)": {
      "n": 2090,
      "base": 0.5244019138755981,
      "auc": 0.557410613314926,
      "top20": {
        "n": 418,
        "rate": 0.6076555023923444
      },
      "top10": {
        "n": 209,
        "rate": 0.6220095693779905
      }
    },
    "EXTENSION (post-archive, detecteur live)": {
      "n": 114,
      "base": 0.41228070175438597,
      "auc": 0.5046046363925055,
      "top20": {
        "n": 22,
        "rate": 0.5454545454545454
      },
      "top10": {
        "n": 11,
        "rate": 0.45454545454545453
      }
    }
  },
  "buckets": {
    "S80+": {
      "n": 1974,
      "hit": 0.6220871327254306
    },
    "S50-69": {
      "n": 1856,
      "hit": 0.5441810344827587
    },
    "S70-79": {
      "n": 905,
      "hit": 0.5933701657458563
    },
    "S0-34": {
      "n": 3230,
      "hit": 0.4839009287925697
    },
    "S35-49": {
      "n": 1338,
      "hit": 0.5426008968609866
    }
  }
}