{
  "version": "poi-importance-v3-candidate",
  "trainedAt": "2026-07-18T16:58:10.567Z",
  "trial": "T2_birthDist",
  "lambda": 100,
  "featureNames": [
    "raw_volume_rank",
    "relative_volume_rank",
    "absolute_imbalance",
    "footprint_time",
    "compactness",
    "directional_share",
    "directional_vs_gate",
    "body_fraction",
    "range_atr",
    "origin_zone",
    "fallback_zone",
    "direction_long",
    "birth_dist"
  ],
  "featureMean": [
    0.4998995899801353,
    0.49851570540440393,
    0.5271932159434658,
    0.6040921003056794,
    0.973964137168006,
    0.5557703194936988,
    0.6061370368271881,
    0.4759428501067612,
    0.3973423411248838,
    0.9738963531669865,
    0.058349328214971206,
    0.508253358925144,
    0.23423280724678638
  ],
  "featureStd": [
    0.2867800620564621,
    0.2858166020045683,
    0.21535539304485982,
    0.4139638366126683,
    0.10615973417287056,
    0.061268744916210885,
    0.22446894901222553,
    0.2524219837687463,
    0.18103105632456948,
    0.1594435525665179,
    0.23440282445361454,
    0.4999318774257666,
    0.16435533559259768
  ],
  "intercept": 0.21213696106132002,
  "coefficients": [
    -0.020114051464713168,
    0.05464736462291871,
    -0.0528486624268815,
    -0.02288702903882719,
    0.029127403898122375,
    0.03445529453468577,
    -0.05282917421454147,
    0.07671389645000438,
    0.0752059200177335,
    0.013547969229243994,
    0.009552687838218051,
    0.026567872428208628,
    0.15842625683385891
  ],
  "rawVolumeQuantiles": [
    0.8254903675476586,
    1.7229451532276951,
    2.0835580571916754,
    2.370430639889113,
    2.6141789854921393,
    2.8232818365552994,
    2.9957822723040324,
    3.1780538303479458,
    3.3521471836868635,
    3.52229344170604,
    3.7006597926494678,
    3.8602453832465065,
    4.012465447162005,
    4.183895766673164,
    4.36107109302729,
    4.545186608658727,
    4.72385947753719,
    4.941892391364512,
    5.21771992170295,
    5.613999988961694,
    7.664870661828771
  ],
  "relativeVolumeQuantiles": [
    0.0004140966611646829,
    0.001705359588939848,
    0.0026242307439609297,
    0.003565986399668443,
    0.00479075285369433,
    0.006135058217246986,
    0.007712903066232603,
    0.009467317195522832,
    0.011576142392877194,
    0.01367638653474713,
    0.01634262708759566,
    0.01929362906373454,
    0.02300705615435828,
    0.027585695410807826,
    0.03351321895654619,
    0.04063613670842581,
    0.049676074971184585,
    0.06369861114152052,
    0.08499268022709149,
    0.13666577523692863,
    0.8377887330045564
  ],
  "logitQuantiles": [
    -0.40855524906158813,
    -0.13006805166358804,
    -0.0709425339415998,
    -0.02907200241152988,
    0.004063719925053333,
    0.03744830114776457,
    0.06569419977868261,
    0.09492734166057251,
    0.12366969335629964,
    0.15295321859607205,
    0.18237889445394267,
    0.21091678260646476,
    0.24398523933064417,
    0.27528784578957577,
    0.3085003727884096,
    0.35211373644794886,
    0.4005651428812602,
    0.45003738376794866,
    0.5296416799647489,
    0.6555748732380576,
    1.2492244211161125
  ],
  "validation": {
    "auc": 0.5644299574797589,
    "v2Auc": 0.5584847580136135,
    "top20": 0.6289855072463768,
    "v2Top20": 0.6144927536231884
  }
}